question,contexts,answer,ground_truth
1. When did World War II take place?,[],"According to the text, World War II took place from:

* Start date: 1 September 1939
* End date: 2 September 1945",World War II took place from 1 September 1939 to 2 September 1945.
2. Which two coalitions were in conflict during World War II?,[],"The two coalitions that were in conflict during World War II were:

1. The Allies
2. The Axis powers",The two coalitions in conflict during World War II were the Allies and the Axis powers.
3. What roles did tanks and aircraft play in World War II?,[],"According to the text, tanks and aircraft played major roles in World War II by enabling:

1. Strategic bombing of cities
2. Delivery of nuclear weapons (the first and only time ever used in war)

These military technologies were instrumental in the conflict, allowing for widespread destruction and territorial gains by the Axis powers.","Tanks and aircraft played major roles in World War II, enabling the strategic bombing of cities and delivery of the first and only nuclear weapons ever used in war."
